E9PAV3,-0.37842011,-0.05082515, 0.79593863,-0.84588581,-0.45129049,-0.03025335, 0.35251408
O00154, 0.155264460, 0.157888035, 0.802534876,-0.001435594, 0.865590362,-0.349968602,-0.323709299
O00264,-0.6298850,-0.1484348, 0.8102993, 0.1853748, 0.5937377, 0.8352921,-0.4043725
O00264, 0.02363088, 0.17289885,-0.82485539,-0.92424341,-0.42838779,-0.98782233, 0.41703234
O00299, 0.2048404, 0.8142239,-0.1904575, 0.9227209, 0.4273596, 0.6495756, 0.6979303
O00410, 1.08155016, 1.21637927, 0.05712588,-0.37698629, 0.31146344,-1.27491034, 1.15748953
O00422, 0.70583902, 0.60594378,-0.53546081,-0.13866842,-0.09556488,-0.74192322, 0.52905688
O00567, 0.19001748,-0.14436502,-0.13353546,-0.01316912,-0.04975441,-0.08488824,-0.38026139
O00571,0.68116767,0.43969996,0.71817280,0.12492357,0.81122183,0.02893189,0.85673313
O14579,-1.011331760,-0.766564377, 0.498932990,-0.170796982, 0.006830471,-0.120110439,-0.675200629
O14579, 0.27301545, 0.04009454,-0.12873221,-0.52808375, 0.25415806,-0.10618068,-0.18825220
O14737, 0.03555608, 0.55171581,-0.35492327, 0.30220691, 0.58757031,-0.12301686, 0.66795969
O14745,0.7968234,0.6778485,0.2117801,0.2902620,0.7753060,0.4504386,0.6662061
O14818,-0.43714699, 0.08885401,-0.41061611,-1.00525172,-0.19852498, 0.06591956,-0.31014148
O14979, 0.3418738, 0.5805547, 0.5211797, 0.2122709,-0.1703424, 0.2333540, 0.8714853
O14980, 0.398308136,-0.352919089,-1.086079524, 0.007687548,-1.023024038,-1.576328712, 0.584509445
O15143,-0.5158872,-0.6383934,-0.4975249, 0.5822883, 0.2571014,-0.1124384, 0.1384279
O15347,0.50050213,0.15929284,0.04073454,0.02838462,0.29467960,0.39991743,0.39820634
O15355,-0.1082747, 0.4074962,-0.1615721,-0.1527450, 0.2209848,-0.3003207, 0.0242476
O15371,-0.33808162, 0.34915626,-0.36542493,-0.03464145,-0.04423254, 0.06921745,-0.44276244
O15372, 0.19864206, 0.05766456, 0.27011131,-0.79851836, 0.29435090, 0.05362706,-0.78873526
O15511, 0.154377550, 0.234478437, 0.095382844,-0.227763381, 0.401167748,-0.314516992,-0.009767581
O43143, 0.72222513,-1.14979001, 0.60768019,-0.59585605, 0.02290301, 0.34345799, 0.19323567
O43175, 0.9372743, 1.4080231, 1.0552851,-0.5063613, 0.7962280, 0.2494995,-0.3130031
O43242, 0.66447333, 0.31620092,-0.03853706,-0.24658591, 0.10459987,-0.50477396, 0.33118303
O43390, 0.59908833, 0.25440541,-0.01225100,-0.06086631,-0.37327595,-0.14673590, 0.13665693
O43390, 0.44825314, 0.48197617,-0.04529284,-0.16382511, 0.08761819,-0.22358801, 0.49372238
O43390, 0.47556446, 0.35819016, 0.04983064,-0.12135188, 0.24122091,-0.17465263, 0.35195380
O43390,0.508987276,0.728674141,0.021420617,0.006793532,0.489341457,0.341271924,0.240550411
O43670, 0.150014256,-0.386827179, 0.002880011, 0.370061383, 0.511010356, 0.225190723,-0.210932301
O43707,-0.12448179, 1.31849775, 0.62258514, 0.09050599, 0.59863437,-0.25208504,-0.16468902
O43707,-0.20222314, 0.20403089, 0.30018057,-0.03311551, 0.45814896, 0.07231542,-0.43911272
O43776,-0.56888355,-0.62770840,-0.65490938,-0.93383635, 0.06594162, 0.12801649,-0.80712834
O43776, 0.01518861,-0.14106310, 0.22008981, 0.24538757, 0.24759990, 0.44851118,-0.09825366
O43809,0.47027669,0.38497334,0.23758588,0.14415934,0.25848751,0.07194153,0.23449393
O43852,-1.1863989,-0.3293008, 0.1841964,-2.2111330,-0.6047485,-2.2163740,-1.3067625
O43852,1.49339822,1.19653246,0.53451837,0.02217912,1.14943936,0.72417898,1.21815854
O60506, 0.44809866, 0.48259905,-0.08651372, 0.05784432, 0.55223314,-0.29084012, 0.44619424
O60506,0.27773216,0.43499077,0.78919693,0.09883090,0.01179235,0.34796304,0.91189942
O60664,1.0062600,1.0725324,0.4063784,0.6627740,0.9700753,0.9084197,0.3711632
O60841,0.8751199,0.7684819,0.7390948,0.5284823,1.1156441,0.8374213,0.6325861
O60869,-0.3415825, 0.3193830, 0.5142123,-0.1950246, 0.7768697, 0.3978154, 0.7066393
O75083, 0.3451423, 0.4738763,-0.3239797, 0.4666806,-0.3035824, 0.4547077, 0.2104876
O75347,-0.14512370, 0.31658528,-0.12427988,-0.56114487,-0.53962410,-0.06261869,-0.45490913
O75367,-0.38566491,-0.16985062, 1.18326280, 1.11314274,-0.06566507, 0.44993615, 0.04972196
O75367,-0.6753111,-0.3302807, 0.6798462, 0.5175651,-0.0931225, 1.1999617,-0.3181962
O75368,-0.005193159, 0.527748803,-0.275571177,-0.532437332, 0.209138554,-0.158997313, 0.501041506
O75369,-0.8793163,-0.9477552, 1.3525917, 0.9921633,-0.1740664, 1.4396896,-0.8662845
O75369,-0.54330519,-0.45382876,-0.08023216,-0.20942269, 0.01781360,-0.08108785,-0.46864398
O75369, 0.6477838, 0.4592623, 0.5957925, 0.4095983, 0.6458297, 0.8255907,-0.5778966
O75369,-0.882894319,-1.257099448,-0.694918028,-0.009861872,-1.739860887,-0.897961724,-1.051382661
O75390,-0.46494822,-0.60660147,-0.79891684, 0.79693032,-0.77751184, 0.03208907,-0.03658651
O75494,0.3938149,0.3215979,0.2655228,0.2812671,0.3574524,0.1645498,0.3679854
O75533,-0.520956918,-0.158454525,-0.303189732,-0.029812850,-0.122600028,-0.009800746,-0.284298785
O75643,0.2071279,0.2319114,0.3958021,0.2492472,0.1618350,0.1073476,0.5768708
O75821, 0.55311481,-0.16469079, 0.06073351,-0.26337098,-1.08948715, 0.10666825, 0.10631540
O75822, 0.491782302, 0.004101368,-0.170033596, 0.237890774,-0.057851988,-0.380794773, 0.614553093
O75874, 0.7128912,-0.2546890, 0.5023142,-0.2829870, 0.2438708, 0.8432286,-0.6003907
O75874,-1.1270955,-0.5903354,-0.9375256,-0.4069611,-1.1953890,-1.0842047,-0.5964677
O75937, 0.5635862, 0.5734588, 0.6230459,-0.6478364, 0.5628681, 0.3916698, 0.3378217
O76021, 0.53480546, 0.57953186, 0.48801576,-0.46887310,-0.02981455,-0.14089970, 0.37466309
O95218, 0.38918518, 0.31424646, 0.62027181,-0.29648393, 0.72741954, 0.17693209,-0.01614258
O95433, 0.6213857, 0.4732812,-0.2301562, 0.1370184,-0.1273519, 0.1034088, 0.5955563
O95777, 0.34665428, 0.61183093, 0.06724184,-0.39521122, 0.26218522,-0.35755822, 0.62235387
P00338,-1.8676821,-1.8865753,-0.9104742,-3.1585836,-1.1147017,-1.3162408,-0.3506384
P00505,-3.48596922,-0.95801251,-0.00576328, 0.18658629,-1.19696821,-1.10787827, 0.31527862
P00558,-0.5785977,-1.4947479,-1.0198233,-2.0043657,-2.5536665,-0.2793567,-0.6669881
P02545,-0.6577054, 0.4582745, 0.2009443,-0.1974719,-0.4493198, 0.4790905,-2.4105365
P02545,-1.9040902,-0.8168502,-1.2255730, 0.1776593,-1.1007196,-0.1673801,-1.4794832
P04040, 1.150499722, 1.720373664, 0.778206171, 0.730194561, 0.841261657,-0.000599733, 1.768478961
P04075,-1.27402131,-0.69836594,-1.42030008,-1.01515910,-1.62547084,-0.92840579, 0.02891428
P04075,-1.2412290,-1.9867316,-1.6155235,-0.6928344,-2.7640386,-1.0821350, 0.1633358
P04080,-0.9159238, 0.2017610, 0.3372859, 0.3866751, 0.6329690,-0.0103621,-0.6346537
P04083, 1.8786784,-0.2027109, 1.4599728, 0.7556604, 1.5162042, 1.2848460, 0.1147870
P04179,-0.61993229,-0.57126732,-0.09245566, 0.03972278,-0.02940018, 0.56984462,-0.57913066
P04406,-2.2182657,-1.8822026,-1.7518972,-2.3854505,-2.9351873,-2.2826343,-0.8844298
P04792,-1.2678659,-0.3102494,-0.7305968,-1.8760497,-1.0899394,-1.2183734,-1.1405807
P04843,-0.48001265,-0.25534860,-0.67861427, 0.71986821,-0.48291682,-0.08531295,-0.63952250
P05114, 0.65268718, 0.06909862, 0.73644673, 0.07858099, 0.90619010, 0.42905404,-0.06379177
P05141, 0.5613922,-0.2117438,-0.2857310,-0.1251608,-0.9139390,-0.1605016,-0.0475340
P05141,-2.1008610,-2.1181565,-2.4223176,-0.3542983,-1.8178995,-1.4452576,-0.9457033
P05198,0.5813184,0.4065968,0.3935154,0.6958167,0.7296244,0.2347556,0.6406019
P05204,0.9897432,0.6970135,0.5408099,0.4620032,0.7936592,0.8198572,0.8799763
P05387,-1.0941248,-1.6546577,-0.3629855,-0.8310701,-1.0195788,-0.5154935,-0.6032805
P05388, 0.093375054, 0.204049813, 0.134610079,-0.247621004,-0.025289141, 0.006244198,-0.232241593
P05455, 0.3210070, 0.7233509,-0.8281473,-0.3449080, 0.1727948,-0.1600418, 0.6927645
P06454,-1.499029,-1.654702,-2.158059,-2.645746,-1.648963,-2.691563,-1.155277
P06576,-0.27461057,-0.70738448, 0.02606578, 0.53739995, 0.29195005, 0.19551619, 0.15091799
P06703,-2.018804,-1.991662,-3.714071,-1.891815,-3.949517,-3.564982,-4.940298
P06733,-1.214244,-0.288038,-1.039890,-1.423034,-1.431050,-1.164316,-1.140969
P06733,-0.3904960, 0.1468971,-0.5330881,-1.6123416,-1.1035475,-0.4442121,-0.6475112
P06744,-0.8905163, 0.4740937,-1.2918792, 0.6080205, 0.2288647,-0.3647141, 0.7812631
P06748, 0.69407476, 0.10777429,-0.02049461, 0.90429395, 0.19107786, 0.30849820, 0.67647835
P06753,-0.05240936,-0.08643168,-0.91459511, 0.16102595,-0.44216796,-0.17213380,-0.02923822
P06753,-0.51450479, 0.17596022,-1.17246114, 0.05008716,-0.88358672,-0.45118947, 0.19982346
P06753,-0.4612130,-0.7420535,-1.5116150,-0.7554715,-1.5439589,-0.4086233,-0.8290922
P06865, 0.64617031, 0.58337982,-0.01745986, 0.20795713, 0.18868965,-0.49827580, 0.62034087
P07195,-2.03917002,-0.43909905, 0.05805368,-2.63001526,-0.62886522,-1.50612947,-1.81996824
P07237,-0.86917554, 0.09598074, 1.04121920, 0.74861129, 0.53426924, 0.30593708, 0.20223749
P07305,-2.1031417,-0.5380926, 1.1052467, 2.8190112,-0.5699162, 1.4462268,-1.5190082
P07305,-2.0163873,-2.1316573, 1.5653603, 0.7608844,-0.1949738, 2.8465845,-2.1673387
P07339,-0.5925488,-0.6484447,-0.5047111,-1.4728796,-0.5734845,-0.7093985,-1.7107507
P07355,-1.49263619, 0.02032294, 0.28439829, 1.07172106, 0.43128492, 0.38154662,-1.59302094
P07437, 0.207706829,-0.404745741,-0.115018930, 0.087770463,-0.007958003,-0.001338388,-0.110375688
P07437,-0.5186116,-0.1455839, 0.3129874,-0.4096874, 0.1735768, 0.2873523, 0.2626529
P07737,-1.3309213,-1.2144595, 0.2805844,-1.0641907,-1.8699580,-1.3907276,-0.4601048
P07741,0.5614536,0.1822622,0.2659170,0.2619518,0.3753730,0.2433133,0.2916680
P07814, 0.44341372, 0.01464199, 0.06640965, 0.32587331, 0.62076986,-0.37793134, 0.71599809
P07900,-1.4724717,-0.5195219, 0.1670932, 0.3336908, 0.4222225,-0.6295495,-0.7467154
P07900,-0.35809641,-0.15292606,-0.12915110, 0.35294240,-0.15584862,-1.25153420, 0.04143094
P07900, 0.21963089, 0.41723962,-0.38437785,-0.04789848,-0.33398692,-0.31136436, 0.42529363
P07910, 0.2691946,-0.2340573,-0.4590887, 0.9508530, 0.4658421, 0.1118376, 0.4085197
P07954,-0.19847998,-0.24208255,-0.50271547,-0.01582863,-0.33935859,-0.19541231, 0.32758771
P08133,-0.6437312,-0.4927989,-0.6188085, 0.4939427, 0.2962337, 0.1370917, 0.5737419
P08195,0.1478084,0.4546753,0.5508056,0.5267131,0.3858482,0.6191400,0.3043583
P08238, 0.815184549, 0.822459668, 0.080828225,-0.146663766, 0.126544650, 0.006419249, 0.352144299
P08238, 0.27263184, 0.64691051,-0.14705609,-0.04668209,-0.36284129, 0.12399301, 1.10981042
P08311, 1.2073174, 1.5551038, 0.2359279,-0.8037505, 1.4648928,-1.6892217, 1.3662076
P08579, 0.3407551, 0.6741554,-0.5285057,-0.1526401, 0.4495038,-0.3961358, 0.7052502
P08579, 0.70984898,-0.10267589, 0.63181967,-0.34281241,-0.26061261, 0.15908304, 0.03027981
P08621,-0.44020413, 0.98728752, 0.45251441, 0.02597729,-0.29647321,-0.59869068,-0.71430286
P08670,-0.47839647, 0.32365529, 0.03133478,-0.35049906,-1.04014907,-1.66334406,-2.99339504
P08708, 0.068695637, 0.053958391, 0.160474862, 0.246624383, 0.223530348, 0.235558297,-0.004365743
P08758,-0.8684102,-0.4592019,-0.3205934,-0.8014515,-1.1692532,-0.9126567,-0.4089579
P08865,-0.200003414,-0.819923931,-0.652274999, 0.003458703, 0.429544390, 0.008321468, 0.002444039
P09012, 0.06510074, 0.06508254,-0.57985697, 0.15779051,-0.02013203, 0.12283782, 0.27647133
P09211,-2.0194258,-0.7879428,-0.1520582,-1.0028526,-0.1783809, 0.1394501,-3.4393619
P09382,-0.4997363,-1.9554946,-0.7712092,-1.4869969,-0.8237976,-0.7330885,-0.2871154
P09429, 0.73988991, 0.46008007, 0.05953931, 0.05487138,-0.21064684, 0.65900252, 0.41522681
P09496,-0.0556512, 0.2650243,-0.4826472,-0.6905630,-1.8514420,-0.8343091,-0.5717270
P09622,-0.1722509,-0.1738111,-0.1176077,-0.2973413,-0.1379566,-0.1072906,-0.1980803
P09651,-1.4632046,-0.2845762,-0.9527445, 1.0085262,-0.7988351,-0.8321766, 0.1363435
P09651, 0.52043593, 0.33711101, 0.45135735, 0.35260156, 0.25339479, 0.04468046,-0.06999157
P09651,-0.9577569,-0.7204597,-0.9010923, 0.9934518,-0.7403510,-0.4261903, 0.1597385
P09651,0.25847127,0.20701654,0.29909320,0.13258294,0.42545832,0.09853668,0.20876710
P09874, 0.41576533, 0.50688023, 0.54867478,-0.19078214, 0.76287076,-0.09755842, 0.56739413
P09960,-0.9451723,-0.2854736, 0.3148155, 0.5833067, 0.1253547, 0.9011286,-0.2786816
P09972,-0.002953315,-0.134653576,-0.489544983, 0.187338573,-0.554532449,-0.772491960,-0.028782752
P10412, 0.06487603,-0.54503669, 0.52176784, 1.47426896,-0.02643511, 0.30335018, 0.81294976
P10412,-0.9519762,-0.8344432, 0.2955926, 1.3410709,-0.3997110,-0.2420589, 0.5120058
P10412, 0.07477501, 0.61607718,-0.41886274,-0.28458105,-0.13909894,-0.76198731, 0.63899278
P10412, 0.20533001, 0.78432252,-0.16072818,-0.05628611, 0.04688265,-0.58695946, 0.79833615
P10599, 0.293434988, 0.062156204,-0.002133037, 0.021070273, 0.106663997, 0.171286831, 0.264410544
P10606,-0.43886842,-0.21880274,-0.59889701, 0.07521696,-1.91202954, 0.49074554,-0.57433965
P10768,-0.5594165, 1.2335712,-0.4785379,-0.1825527,-0.3300638,-0.9631764, 1.4164298
P10809,-0.34158447,-1.55505118, 0.06007711, 1.27201713,-0.36455864,-0.60078032, 0.54771375
P11021,-0.9096296,-0.3295478,-0.5846166, 0.3785238,-0.5294450,-1.3733383,-0.3730307
P11021,-0.5597012, 0.1682641,-1.3598536, 0.1273383,-0.7144977,-0.7787023,-0.3439973
P11142,-0.4596409,-0.3196305,-0.8220709,-0.5973700,-0.9501810,-0.8111562,-0.4018469
P11142, 0.01925025,-0.11968702,-1.30953060, 0.06720675,-0.59963489,-0.29142787,-0.36915765
P11310,-0.002959699,-0.075560318, 0.659470000, 0.230306174,-0.039705821, 0.007714304,-0.174434617
P11387,-0.31629890, 0.07585184,-0.23366302,-0.62315206, 0.15915584,-0.29622825, 0.43472589
P11586, 0.2639143, 0.6567918, 0.4476291, 0.5061184, 0.8030935, 0.1535171,-0.1846130
P11940,0.4633248,0.4144766,0.3995889,0.4558740,0.5052927,0.5821488,0.3578985
P11940, 0.2722515,-0.2797430, 0.9109733, 0.3702758, 0.2229214,-0.1555870, 0.9050567
P12004,-0.7644120,-0.3450999,-0.5625679,-0.6500049,-0.2017448,-0.2893748, 0.3298694
P12236,-0.7179961,-0.9896309,-0.1699579, 0.4959674,-1.2393603, 0.1327337,-0.7438255
P12268, 0.07110069, 1.07358529, 0.45108380,-0.36071490, 0.03272352, 0.07665245,-0.08670807
P12814,-0.4917403,-0.5931675,-0.6119839,-0.6179208,-0.5489284,-0.5331516,-0.5509265
P12956, 0.54277472, 0.17085263, 0.04700725,-0.62906362,-0.68980604, 0.36194915,-0.42935489
P13010, 0.48365038,-0.13525974, 0.45990859,-0.72711489,-0.02637847,-0.56884561,-0.79167038
P13073,-0.024753600,-0.006284443, 0.347105698, 0.381269626, 0.410161184, 0.443798455,-0.050583036
P13489, 0.2189901, 0.3432017,-0.3586956,-0.0792709,-0.5669074,-0.6254064, 0.3451373
P13639, 0.2156311, 0.3042665,-0.2460421,-0.7612835,-0.1618850, 0.2292829, 0.3144353
P13639, 0.4889666, 0.1993355, 0.1326414,-0.1986605, 0.1626078, 0.1637722,-0.2369442
P13667,-0.5100808,-0.5256645,-0.2248715,-0.3359935,-0.3921595, 0.1915829,-1.2061927
P13693, 0.04001845,-0.00435123, 0.90485031, 0.54394496, 0.13612902,-0.14493165, 0.89478065
P13693, 1.0335158, 0.9455716,-0.7328701,-0.2701596,-0.2921283,-1.7295350, 0.9480413
P13796,1.4895353,0.1840225,1.2407738,1.0301048,0.9374852,0.9115306,1.5613143
P13796, 2.06500149, 2.19908770,-1.78553154, 0.09591336,-1.30702607,-1.90863896, 2.03917205
P13797,-0.9322661,-0.9767157,-0.8106271,-1.6564880,-1.3869463,-0.7260336,-0.9580956
P13804, 1.1738641,-2.4021439,-2.3064416,-0.6754476,-2.7633255,-0.7950881,-0.4180721
P14174,-4.115571,-3.048171,-2.427969,-2.483612,-2.480484,-3.006339,-2.583761
P14314,-0.33225438,-0.48534720,-0.26363411,-0.07461235,-0.26623614,-0.33063492,-0.80816153
P14324, 1.1843152, 1.1407321,-0.5321305, 0.6302678,-0.3699258,-0.9611255, 1.1584857
P14618,-0.63678235,-0.59962953, 0.01332827,-0.98810591,-1.50129246,-0.18342551,-0.55490885
P14618, 0.07363895,-0.14911806,-0.11252724,-0.25982324,-0.01126432,-0.21283569,-0.17797666
P14625,-0.1244545, 1.2073502, 1.2195131, 0.3366526, 0.5420805,-0.2358568,-1.0755738
P14866,-1.47657577,-0.63576422, 0.32813350, 1.12245532,-0.11037637,-0.42005354, 0.08759472
P14868, 0.22703740, 0.21551182, 0.28511254, 0.06092803, 0.47020634,-0.08495218, 0.22458191
P14868, 0.38613050, 0.22707056, 0.35172002, 0.23314673,-0.01753772, 0.21537151, 0.42869942
P15121,-0.3284160,-2.6855002,-1.1124200, 0.6770487,-0.4132244, 0.1292293,-1.4393774
P15153, 1.4690074,-0.2164213,-1.8517089, 0.5235300,-1.2199051,-0.4002348,-1.0632791
P15153, 0.2786328, 0.8737931,-0.7730302,-0.1353171,-0.4262536,-0.6858036, 0.9362204
P15311,-0.01103608, 1.00349215, 0.80254255,-0.28185410, 0.72427127, 0.21590120,-1.21943140
P15311,-0.27321484, 0.91508405, 0.38465792, 0.11141373, 0.42205575,-0.06294542,-0.22331841
P15559,-0.9374125,-0.4970573,-0.2643235,-0.4881424,-0.2353823,-1.0183085,-1.5530413
P15880, 0.81649115, 0.51541399, 0.57244065,-0.04107762, 0.75912192, 0.47210208, 0.67582945
P16104,-1.4403758,-0.1816357,-0.6293440, 1.2590837,-0.6078843,-0.5764400, 0.7244233
P16152, 0.11437196,-0.70343979, 0.44152100,-0.01514224,-0.07193525, 0.54408296,-0.72859531
P16401,-0.11603177,-0.41692828,-0.73437119, 0.04236877,-0.40369430,-1.12630527,-0.10847213
P16930, 1.1829369, 1.4838234,-0.6752233,-1.5421119,-0.3878898,-2.4775503, 1.1538014
P16949,0.8585673,0.9531982,1.0222329,0.7806310,1.1774284,0.8360263,1.1409726
P17096, 0.4586412, 0.2769817, 0.6668433, 0.3183900, 0.9168296, 0.3671414,-0.3519712
P17844,0.7065566,0.3247267,0.1111306,0.5610734,0.6528175,0.2305203,0.5818809
P17844, 0.62281247, 0.73407219, 0.51064334, 0.73606717, 0.58344309,-0.05018357, 0.27001942
P17931,-2.6025861,-0.9613913,-0.8641108,-1.7255822,-1.1021994,-2.6179448,-0.7979582
P17980,-0.24420205,-0.24160984,-0.60833925,-0.06657059,-0.54528376,-0.68462804, 0.20924114
P17987,-0.36076186,-0.28766301,-0.31486400,-0.17283179,-0.28815715, 0.09151246,-0.14746650
P18077, 0.08224785,-0.02690300,-0.36710699, 0.40203612,-0.62850168, 0.14861463, 0.01118417
P18085, 0.1416320,-0.1524641,-0.2772505,-0.1165002,-0.4679316,-0.4622762,-0.1618141
P18124, 0.8674387,-1.3970606,-0.3801338, 0.1691675,-0.6877212,-1.3235996,-0.2051720
P18206, 0.1864477,-0.2898489,-0.2138740, 0.2533938, 0.1794126, 0.5117103, 0.2812316
P18621,-0.3397589,-0.9305195,-0.3852591, 0.3696642,-0.6885415,-0.2728054, 0.2806525
P18669,-0.8879672,-1.0268967,-0.7514249,-0.6807306,-1.1646801,-1.0761963,-1.1152408
P19338,0.2136733,0.4377577,0.3441137,0.2426911,0.4202497,0.1773834,0.5446973
P19623, 0.72990291, 0.57362268, 1.02595191,-0.08814743, 0.44748838, 0.38529615, 0.10589258
P20042,0.5749466,0.4999399,0.5687066,0.5507595,0.6191613,0.3374903,0.6928980
P20290,0.34465244,0.41935658,0.39215560,0.08066413,0.72351067,0.31159309,0.12919879
P20618, 0.37546238, 0.40381710,-0.22823462,-0.01602204,-0.58503612, 0.11503057, 0.39801652
P20674, 0.309346721, 0.065348309,-0.763868630, 0.233340081,-1.071629904, 0.557604385, 0.007802206
P20700,0.25256796,0.36833244,0.43571533,0.09563212,0.49888499,0.41450614,0.18699915
P20700,-0.56264897,-0.51873014,-0.49215660,-0.40756306,-0.48287565, 0.09975489,-1.15061904
P20962, 0.4762294,-0.8406067, 0.1693149,-0.5939936, 0.2446387,-0.4674762,-0.9568589
P21333, 0.2163546, 0.3597740, 0.2913104,-0.3372724, 0.7998129,-0.1278089, 0.3783405
P21796,-0.2531578,-0.2600922, 0.2370710,-0.3844672,-0.2242377, 0.4695981,-0.2789872
P22061, 0.3990455, 1.0064225,-0.5036543,-0.1225080,-0.3413837,-0.8034757, 0.5090332
P22087,-0.2993117, 0.4850442,-0.6033289, 0.3024351,-0.1858856,-0.1589474, 0.2079400
P22102,-0.1817014,-0.3543019,-0.5977322,-0.5475404,-0.8855876,-0.5485343,-0.3928736
P22102, 0.33932801,-0.12135928,-0.68252532,-0.32000854,-0.08307132, 0.33760669, 0.76358709
P22234,0.25760134,0.62110229,0.01133296,0.44062718,0.69928167,0.57438566,0.41859392
P22314,-0.25428526, 0.03768358,-0.31684446, 0.45509987, 0.44258054, 0.05452018, 0.32315808
P22392,-0.31936291,-0.35231128,-0.05568048,-0.22225344,-0.18914615,-0.29536338,-0.34519234
P22626,-1.74221214,-1.85336840,-1.58864998, 0.81728154,-0.06964321,-1.02053172, 0.29791024
P23246, 0.1566692, 0.4033060,-0.1883045, 0.7097125,-0.8249914,-0.2858458, 0.3367432
P23246, 0.176980111,-0.304243631,-0.057611854, 0.306400899,-0.005680407, 0.106107518, 0.342667720
P23284, 0.01305902,-0.45034030, 1.61233483, 0.72979110, 0.11386441,-0.86771194, 0.10072924
P23381, 0.065352443,-0.041182432, 0.046785953, 1.003097263,-0.124707402, 0.865113220, 0.001543943
P23396,0.59727046,0.79499437,0.80626688,0.48727193,0.61726505,0.07725145,0.04569681
P23396, 0.325537622,-0.005714786, 0.325154337, 0.106277328, 0.299436741, 0.043806966,-0.007600877
P23526,-0.2549884,-0.6205094,-0.9396613,-0.2299409,-0.7648293,-0.5981487,-0.6484584
P23528,-1.3515310, 0.3123059, 0.3299133,-0.7399687,-0.8382997,-1.8720570,-1.0049630
P23528,-1.3973847,-0.1910658,-0.2203702,-0.9887989,-0.5455077,-0.6740335,-0.9953343
P23588,-0.01457005,-0.01671026, 0.39386988, 0.16318505, 0.42270166, 0.22861821,-0.01076981
P23588, 0.4414106, 1.2398998, 0.3952246,-0.3074026, 0.5737116,-0.1009819,-0.1161141
P24534, 0.4747657, 0.5083289, 0.5033688,-0.1736084, 0.4295023, 0.1871864, 0.2685215
P24666, 0.17902760, 0.14970170,-0.13425522, 0.33668241, 0.18555619,-0.09101189, 0.15319816
P24666,-0.06869633, 0.29727461,-0.34540038,-0.10004828,-0.32273501,-0.66024375, 0.31832322
P24752, 0.59546751,-0.01543318,-0.04263417, 0.67754575,-0.10548774,-0.17963461, 0.53576276
P25205, 1.02210903, 0.67247402, 0.67114604,-0.12454296, 0.07768422, 0.20313983,-0.41388906
P25398, 0.80041526,-2.44297437, 0.89482838,-0.40587527, 0.61075255,-0.08163811,-0.54359848
P25705,-0.3758833,-2.0152956,-1.5450093, 0.2163550,-0.8347601, 0.5787413,-0.1265548
P25786, 0.3367804, 0.4640441,-0.7968670, 0.1828044,-0.3022905, 0.1689159, 0.4724603
P25788, 0.09733283, 0.01541483,-1.27849111, 0.29826254, 0.38640664,-0.77162128, 0.40308761
P25789,-1.0024378, 0.3158005,-0.2126381,-0.1705445,-0.3478621,-1.0812629, 0.2693782
P25815,-0.9228010, 0.1641959, 2.0469078,-0.4695978,-1.2703986, 0.4546719,-0.9850430
P26038,0.77471057,0.73406864,0.44078719,0.07271155,0.61845572,0.18456803,0.99574921
P26368, 0.5444074, 0.3602784, 0.5024896, 0.1075869, 0.4386138,-0.1799408, 0.2206083
P26373,-0.35924515, 0.17126109,-0.03053201,-0.73411699,-0.33404522,-0.30429317, 0.03135601
P26447, 1.02711774, 0.53692374, 0.26376543, 0.26210052, 0.15559164,-0.07578972, 1.48559328
P26583,0.06555382,0.52920748,0.15791003,0.46932324,0.23226911,0.25584211,0.51232239
P26599,-0.35869390, 0.14654273,-0.08534175, 0.16116633, 0.25491817, 0.18188130, 0.05059246
P26639,-0.77824398,-0.22189366,-0.23856201,-0.38325535,-0.09000473,-0.53892075,-0.85091503
P26640,1.0676963,0.8046704,0.4476927,0.2892697,0.6944271,0.7611900,0.8200923
P26641, 0.5996411, 0.3470266,-0.3364328,-1.1773689,-0.4835501, 0.4118352, 0.1727645
P27348, 0.5997937, 0.4232548,-0.2573525,-1.0172205,-0.7067754,-0.3857222,-1.2980315
P27348,-1.2307711,-0.9114155,-0.3007533,-2.3921102,-1.7169183,-1.7771169,-2.0189223
P27348,-1.6549741,-1.6799311,-1.0730544,-0.3426005,-1.0817094,-0.9372385, 0.1946677
P27348,-0.48162810,-0.09953144,-1.33149224, 0.05294403,-0.75296300,-0.11277004,-0.04201451
P27635,0.15054543,0.11068334,0.11750813,0.06260128,0.18056362,0.06054207,0.15365902
P27694,-0.1446302,-0.2115728,-1.3171229,-0.1912045,-0.7057371,-1.1351894,-0.1704596
P27695, 0.246415843, 0.068840400, 0.491373369,-0.008333145, 0.004597199, 0.525037746, 0.498091256
P27797, 0.9990246,-0.6613196,-1.5389197, 0.7754549,-1.4899982,-2.0213738, 0.4227152
P27816, 0.99819020, 0.85666407, 0.36463224, 0.12897357, 0.03823094,-0.34038633, 0.40652699
P27824,-0.20295165, 0.24309120, 0.25684433, 0.09792951, 0.07809760, 0.33483549, 0.41017912
P28066,-0.1072691,-0.2068995,-0.8301643, 0.4462844,-1.2399482,-1.1559030,-0.1330986
P28070, 0.01982651, 0.02273375,-0.09341167, 0.24316498, 0.19731481, 0.06319555,-0.02158772
P28072, 0.6241283, 0.6803038, 0.1704385,-1.0317832, 0.5115267,-0.8108802, 0.5684073
P29401,-0.6055521,-1.2151274,-0.4289451,-1.3150374,-0.3160224, 0.1477046,-1.3868744
P29692, 0.2941436, 0.2074400, 0.0647529,-0.1807565, 0.3744324,-0.2817197, 0.2159901
P29692,-0.12194903, 0.32816086,-0.58823291,-1.02716564, 0.07960958, 0.52086568, 0.58506629
P29966, 0.2046140, 0.4176759, 0.5425233, 0.1751633, 0.2643502, 0.3011756,-0.3584817
P30040,-0.695180928, 0.389399077, 0.709560608, 0.202593569, 0.425253575,-0.007663394,-0.340942802
P30041,-0.23069497,-0.10249780,-1.29088879,-0.02200527, 0.41040722,-0.54243281, 0.13604540
P30043,-0.4628723, 0.4346645,-0.4169743,-0.1983296,-0.3744700, 0.6284831,-0.6184435
P30044,-0.6877854,-0.3615356, 1.3070908, 0.5524101, 1.3574140, 1.1459676,-0.7136149
P30048,-0.55452706,-0.28192850, 0.04874189, 0.32258052,-0.91555352, 0.22309765,-0.36349954
P30050,-0.3947308,-0.3545989,-0.5808153,-0.7755751,-0.3091733,-0.1801239, 0.4215939
P30084, 0.12769057, 0.77240470,-0.04922331, 1.05641264, 0.80825920, 0.97750811, 0.15004638
P30086,-0.45764698,-0.68757895,-0.84247314,-1.03387361,-0.05365386,-0.50542498,-0.59243274
P30101, 0.85198657, 0.13670849, 0.67062615, 0.31050853,-0.61991216,-0.08356013,-0.16330337
P30153,-0.16730507,-0.04696854,-0.43024212,-0.26901686,-0.29392271,-0.23002917,-0.02696649
P30740, 0.4208673, 0.9200733,-0.4431630, 0.7697954, 0.5488688, 0.5001870, 1.5887285
P31146,1.4937778,1.4088487,1.0920684,0.8308501,1.0791591,0.8549995,0.9725254
P31153, 0.57734060, 0.50011071, 0.53611366,-0.13506732, 0.05468969, 0.18143899, 0.38126915
P31942,-0.79738186,-0.29436630,-0.15298666, 0.28981336,-0.43973004, 0.02076702, 0.07824204
P31943,-0.76740545,-1.48270853, 0.08208659, 0.42725543,-0.85198482, 0.54552182, 0.32351569
P31943,-1.33263200,-0.78382221,-0.95275400, 0.64379118,-0.19543382,-0.84721008, 0.05994703
P31946,-2.0128158, 0.3716301,-0.8194930,-0.5850890,-2.2739577,-1.3553509,-0.1378230
P31947,-1.573408,-2.084291,-1.428086,-1.228754,-1.851881,-1.954017,-2.458073
P31948,-0.7713291, 0.6696058, 0.4529436,-0.4534227,-1.6692242, 0.1135695,-0.1728995
P31949,-0.9535418,-1.3540197,-0.8051224, 1.0949665,-2.3368385,-2.0975937,-2.3364210
P32119,-1.10823964,-0.66130122,-0.07459345,-0.14981949,-0.38140758,-0.19381994,-0.56747485
P32119,-0.8479127,-0.4225721,-2.6177622,-3.4171337,-2.2044845,-2.7181298,-1.6791641
P32969, 0.6262427, 0.3090239, 0.7380430,-0.3069337, 0.5118020, 0.9928293, 0.6337766
P33316,0.9408113,0.7644930,0.2993456,1.5559455,0.3624011,0.8481971,0.6772863
P33991, 0.1585361, 0.4421114, 0.8193736,-0.2187384, 0.7315484, 0.4002458, 0.5070587
P33993, 1.09223946, 0.33009861, 0.01619397, 0.35068681, 0.19171944,-0.23619903, 0.73189320
P34897,-0.03669329, 0.57617885, 0.69638262, 0.50317552, 0.84308402, 0.17947975,-0.89337346
P34932, 0.8361229, 0.3494378, 0.9824745,-0.2790261, 0.9535405, 1.6326884, 0.5367304
P35232, 0.50192834,-0.12705420,-0.49960231,-0.40570840,-0.03584182, 0.06865461,-0.63822535
P35237, 0.08187982,-0.17592253, 0.80598690, 0.86322836, 0.86904239, 0.85624588, 0.05605038
P35241,-0.9525464,-0.9390861, 0.1816252, 0.1131089, 0.2360341, 0.5996420,-1.0873630
P35268,0.8711312,0.5119287,0.5881170,0.4727426,0.4663003,0.2631446,0.6228950
P35579, 0.47428804, 0.03710763, 0.58642364, 0.10244362,-0.10582340, 0.08466392, 0.03581643
P35579,-0.23898504,-0.12020435,-0.39933950,-0.44508912, 0.03744734,-0.25329980,-0.58123816
P35579, 0.1567939, 0.1922530, 0.2666194, 0.2418137, 0.6851698, 0.1300190,-0.3188414
P35579,-0.10094854, 0.04129189, 0.24952730, 0.19833964, 0.31258278, 0.28764387, 0.06202656
P35613,-0.1361429, 0.4721585,-0.8386590,-0.6391413, 0.1480778,-0.7859126, 0.3902388
P35637, 0.16281006, 0.02065732, 0.48711200, 0.40289550,-0.00779140, 0.35833246, 0.19691986
P36542,-0.08504480, 0.02755574,-0.52439827, 0.22989499, 0.27193714, 0.75975135,-0.35973223
P36578,-0.5546090,-0.7185179,-1.9379420,-0.2660151,-0.3550826,-1.6925600, 0.5829960
P36776,0.35814429,0.28560587,0.07358104,0.32342475,0.37006324,0.33419307,0.33231485
P36776,-0.2715805, 0.3944537,-0.2086624, 0.1217162, 0.3676275,-0.3320043, 0.4340267
P36871,-0.19594462, 0.61154403,-0.24665195,-0.03048424, 0.29986111, 0.17879352, 0.53049353
P37108, 0.10483733, 0.19839383,-0.51280266, 0.14067689, 0.06569232, 0.16327057, 0.22114638
P37802,-0.5643335,-0.2448297,-0.7634939,-0.1612444,-0.5911988,-0.9847333, 0.3902592
P37837,-0.1767094,-0.4057747,-0.5217020, 0.1772968,-0.2902994,-0.2144526, 0.2262908
P38117, 0.06597867,-0.90579414, 0.35066194, 0.39269377, 0.07950670, 1.28859442,-0.92086583
P38117,-0.07838014,-0.29130008, 0.61771132, 0.19236891,-0.03494047, 0.47830154,-0.11374287
P38159,-0.75545634,-0.08998777, 0.37643786, 0.91896274, 0.29048454,-0.04010305, 0.50354734
P38159, 0.306445135, 0.344181350,-0.006889197, 0.030277297, 0.382085806, 0.022019426, 0.354986552
P38646, 0.83345223, 0.75179098, 0.84889692, 1.02587898,-0.08091508, 0.28394307, 0.05195053
P38919,-0.02331046, 0.09826270, 0.13461345, 0.11109087, 0.25363459, 0.10886723, 0.14398471
P38919,-0.7692824,-0.8161501,-0.4047968,-1.6174066,-1.1585177,-1.2181089,-0.9671693
P39019, 1.0941093,-1.1457168,-0.4238910,-0.4000700,-2.4303797,-1.7407775, 0.2114768
P39023,-0.39218975,-0.49843615,-0.17781621, 0.02290477,-0.63153811,-0.38894082,-0.80842099
P39687, 0.074815932, 0.003832116, 0.261332092,-0.472304616, 0.304202566,-0.143539158, 0.561617603
P39748, 0.6193803, 0.6993402, 0.7031621,-0.4054096, 0.3066981, 0.3169997, 0.8163143
P40121,-2.7155978, 0.2403088,-0.8102781, 1.4999783,-1.0502204,-2.7602219,-1.7675691
P40227,-0.4868906,-0.6736890,-0.6816317,-0.2739782,-0.3417329,-0.5524499,-0.2948216
P40227, 0.25150743, 0.33925446,-0.62211957,-0.35393316, 0.04937795,-0.69937158, 0.34750542
P40227, 0.31224984,-0.13104253,-0.15824352,-0.23762920,-0.09518803,-0.05386879,-0.02382934
P40429,-0.872949576,-0.509521665,-0.000982138, 0.649969223,-1.685840433,-1.110082635,-0.549825016
P40925,-0.214249051, 0.096115604, 0.058251654,-0.410980995, 0.401622090,-0.186058898,-0.002277313
P40926, 0.06497187, 0.47334714, 0.86466421, 0.13032936,-0.17281667, 0.21494371,-0.67825251
P40939,-0.01392584, 0.43314158,-0.03417988, 0.32482560,-0.10619085, 0.41114611, 0.29701741
P41091,0.3782793,0.1148156,0.4304558,0.3006547,0.4432578,0.2841070,0.1655911
P41091, 0.7563430, 0.7257201, 0.8591360,-0.1628425, 0.6274475, 0.5048369, 0.1391277
P41250, 0.7166834, 0.5935138,-0.3136534, 0.3896966, 0.4990384, 0.7303362, 0.8190117
P41252,0.4126953,0.4094059,0.4199891,0.4397210,0.3230232,0.4279139,0.4256528
P42167, 1.1389240, 0.8836039, 0.5402634, 0.8777884,-1.1371097, 1.2942956, 1.1130946
P42167,-0.17835175,-0.20149714,-0.07727669, 0.82345955, 0.58576151, 0.59019252,-0.20418119
P42704, 0.695778123, 0.131462048,-0.076114836,-0.000264818, 0.424061169, 0.474115886, 0.978096516
P42765, 0.4075170,-0.5855446,-0.3618292, 0.1724413, 0.2597862, 0.6893845,-0.3286204
P42766,-0.3211115, 0.2981902, 0.4173359, 0.4316630, 0.2795348, 0.4246081,-0.1422247
P43243,-1.2649197,-0.4665145, 0.1100686,-0.3942665, 0.3966464,-0.2009494, 0.5518975
P43487, 0.4050783, 0.5133633,-1.5109441,-0.8289175,-0.1035226,-0.2590215, 0.1895579
P43490,-0.18513402,-0.20694783, 0.77201988, 0.51781537, 0.46159045,-0.13587941, 0.02957574
P45974,-0.19434424, 0.11476350,-0.15674040,-0.96779783,-0.46613126,-0.85179841, 0.09303628
P46776,-0.54366512,-0.38722760,-0.96146019,-0.01826253, 0.03812236,-1.31931986, 0.20181295
P46777, 0.479252885, 0.152477566,-0.372063881,-0.038435722,-0.461586297,-0.009184286, 0.225527115
P46778,-0.3173907,-0.4856581,-0.2737165,-0.5583402,-0.4498036,-0.3640150,-0.2799140
P46779,-0.9438937,-0.3483305, 0.6144979,-0.1051836,-0.7257576,-0.3861933,-1.3569710
P46781, 0.63802422, 0.02416721, 0.59468625,-0.17983509, 0.48845182, 0.44741996, 0.04001505
P46782, 0.12977051,-0.26735235,-1.23747199,-0.32741501,-0.69434139, 0.19902251,-0.09516229
P46783, 0.6612914, 0.7093085, 0.5191246,-0.1828095, 0.8162145, 0.2043535, 0.4308246
P46940, 0.1847667, 0.3356346, 0.2749828,-0.1357295, 0.4483963,-0.2705796, 0.3164216
P47897, 0.3023776, 0.3297533, 0.3536273,-0.2693899, 0.2653394, 0.0194918, 0.1273590
P47914,-0.31682865,-0.62918218,-0.23723972, 0.56151363,-1.18365957, 0.06099074,-0.51199148
P48444,-0.73983522,-0.39631368,-0.29694453, 0.06529898, 0.42998699, 0.31813069,-0.33802512
P48444,-0.2727909,-0.3261642, 0.2952031,-0.2146848, 0.2257551, 0.4343055,-0.3428096
P48643, 0.41198525, 0.47339343,-0.19713890,-0.28671497, 0.02775041,-0.72982349, 0.47013917
P48643, 0.3292258, 0.3390451,-0.6490573,-0.3783965,-0.3469794,-0.3735869, 0.2631298
P48735, 0.3674201, 0.6074199,-0.9444748, 0.3010168, 0.3173319, 0.5462574, 0.7303587
P49189, 0.08458285, 0.25078238, 0.10052187,-0.12949076,-0.11911203,-0.21007181, 0.19400010
P49207,-0.801287071,-0.534320503,-0.002578743, 0.550213516,-1.066098139,-0.830839685, 0.041615570
P49321,-0.4364403, 0.2848419, 0.2576410, 0.2909311, 0.3206964, 0.2159565, 0.2643112
P49321, 0.3813130, 1.1495082,-0.8340419,-0.5009729,-0.1402576,-1.1631202, 1.2088361
P49327,-0.48236187,-0.13946071,-0.16666170, 0.06819935,-0.70416260, 0.20644219,-0.35708101
P49368, 0.18841471,-0.09009991,-0.11730090,-1.14936998,-0.16280052,-0.98432620,-0.02611764
P49411, 0.25172121,-0.20668285, 0.29527820, 0.54008100,-0.12814468, 0.01434987, 0.07430421
P49458, 0.04956295,-0.08172167,-0.20793001, 0.23746742,-0.35386653,-0.44123218, 0.09886002
P49588,-0.06622090,-0.17717406,-0.19210781,-0.05451322, 0.27254115, 0.15338779,-0.73027324
P49591,-0.4681809,-0.4970485, 0.3672742, 0.0212452, 0.2667420, 0.3130725,-0.4940103
P49736,1.3397147,0.8291935,0.5422223,0.3609359,0.3629292,1.1801789,0.2272655
P49755,-0.28906612,-0.32009498, 0.34151534, 0.64945458,-0.05026046, 1.25679511,-0.57195445
P50213,-0.3031314, 0.7582066,-0.4472691,-0.4768182,-1.3128404,-0.5379735, 0.6030365
P50395,-0.71085353, 0.21777492,-0.52104038,-0.01077422,-0.11541092,-0.24450630,-0.38060935
P50502,-0.37899300,-0.07165299,-0.71344481,-1.22139831,-0.60628717,-0.70061031,-0.63327707
P50990, 0.28244919, 0.45358593,-0.48515069,-0.19328588,-0.07412151,-0.59160402, 0.48735705
P50990, 0.89884199, 1.14447789,-0.66683245,-0.33455676,-0.29956569,-0.09946162, 0.32747814
P50991,-0.09190215, 0.37287266,-0.73717243,-0.69192014, 0.01544606, 0.11915046, 0.11367225
P50995,-0.6512040, 0.1288602, 0.0437473,-0.8382721,-0.4812621,-0.2723505, 0.1420606
P51149,-0.28238368,-0.02013913, 1.80674678,-0.56813854,-0.28504155,-0.80552816, 0.26594592
P51572,-0.2439919,-0.3241235,-0.5694651, 0.1850859,-0.2882690, 0.3087186,-0.1830557
P51858,-0.37218489, 0.17724065, 0.79960523,-0.54508714, 0.69111365, 0.05602937, 0.40379192
P51991, 0.12756772,-0.37518442,-0.31555713, 0.75667120, 0.04493368,-0.44859619, 0.52972307
P51991,0.3376823,0.2745691,0.3308798,0.3280684,0.3367393,0.2338059,0.3092174
P52209, 0.70806314, 0.65399565,-0.12686723, 0.56691740, 0.09903094,-0.03255789, 0.57252198
P52272,-0.29343655,-0.75596802,-0.16880797, 0.59446236,-0.40318013,-0.03547438, 0.03592347
P52565,-0.5046199,-0.5006953,-0.2492626,-0.2344683,-0.5485774,-0.2458407,-0.5156916
P52566,1.18547134,1.85657685,1.98157225,2.16667589,1.05729645,0.06937764,2.65726233
P52597, 0.35517058,-0.04822866, 0.15815444, 0.44047360, 0.44878890, 0.22247297, 0.13447761
P52788,-0.2762349, 0.1896535,-0.3750465,-0.5194924,-0.1800839,-0.9721126, 0.1296047
P52907,-0.20232152, 0.74999236,-1.17150304,-1.55940625, 0.26230487,-0.31607997,-0.02146224
P53396, 0.05370512, 0.28027916,-0.24892075,-0.07085709,-0.22415607,-0.35685762, 0.32843692
P53999, 0.18434376,-0.02857306,-0.11238948,-0.04708785, 0.10481996, 0.54650637, 0.07911397
P54136, 0.42438379, 0.52038787, 0.07083839,-0.33643735, 0.46970416,-0.64327276, 0.52204243
P54577, 0.2438528,-0.2289994, 0.3288053, 0.6877492, 0.4915964, 0.3462926, 0.6212896
P54727,-0.70791873,-0.21053420,-0.12376485, 0.32828129,-0.02275941, 0.08263152,-0.22069937
P54727,-0.05043802,-0.19562875, 0.39397009,-0.15766543, 0.13758847,-0.46306500,-0.07626746
P54819, 0.39674182, 0.63513590,-0.12194986, 0.10189326, 0.08304484,-0.59441410, 0.61922270
P54819, 0.0459260,-0.1565539,-0.2172352, 0.8915391,-0.0574201,-0.2028256, 0.2237490
P54886, 0.20874526,-0.29331283,-0.05561093,-0.08440744,-0.61984049,-0.12489703, 0.32635489
P55060, 0.1465161, 0.3693636,-1.1009974,-0.8575341,-0.4982623,-1.8220492, 0.4205682
P55060,-0.15744073,-0.05232342,-0.15526918,-0.03730411, 0.19124357, 0.04387508, 0.39151973
P55072, 0.49461807, 0.53835314,-0.03276528, 0.24800237, 1.02744195, 0.31139308,-0.49944006
P55084,-0.30692005,-0.25185050,-0.37539201, 0.37605925,-0.21599600,-0.07784109,-0.34109785
P55209,-0.07206890,-0.01666708,-1.01391726,-0.72747174,-0.92358770,-0.90378967, 0.19757256
P55769,-0.2658122,-0.0306798,-0.1068998, 0.5200927,-0.3583878, 0.1502802, 0.0000941
P55884, 0.55212192, 0.37520653, 0.24731313,-0.04487608, 0.69773148, 0.47876194, 0.25501942
P56192, 0.34539679,-0.09146417, 0.28790512, 0.35502491, 0.71926809, 0.25592798,-0.14695249
P56385,-1.4615132,-1.4670606,-1.6978191, 0.1844959,-2.0730349,-2.1835372,-0.6333526
P58546,-0.2151679,-0.2899327,-0.2151837,-0.2302164,-0.6230225,-0.4059472,-0.1247136
P59998,0.29519493,0.26827635,0.32150419,0.37479032,0.01320273,0.81136608,0.34636665
P60174,-2.4872389,-0.4228495,-0.2239259,-3.0381308,-0.8400405,-1.4852081,-1.0744973
P60228,-0.5383317, 0.2968610, 0.3426795, 0.4516272, 0.1633284, 0.5436583, 0.4907988
P60660,-0.09009710, 0.08124258,-0.14480742,-0.06502218, 0.18437684,-0.09161126,-0.21722227
P60842, 0.07198747, 0.26859906,-0.03639701, 0.19051116,-0.52177703,-0.46136973,-0.74071608
P60842,-0.6226718,-1.1750022,-1.1269830,-2.5075598,-0.3559391, 0.8797118, 0.6878734
P60866, 0.66346775, 0.02495555, 0.05223003,-0.06520478, 0.38841431,-0.41522258, 0.05066590
P60900,0.3355510,0.7014745,0.7745492,0.4315480,0.7373290,0.7914565,0.8160155
P60903,-0.8161741,-0.2257152, 1.0024761, 1.3504273, 1.0607565, 1.0204223,-0.4699256
P60953,-0.08110520, 0.07464649,-0.14315047, 0.05245390, 0.57154512, 0.03800168,-0.10693464
P61019,-0.3582619,-0.1989686,-2.6546497, 1.1881229, 0.1151238, 1.2766397, 1.8881323
P61026,0.28579591,0.31315320,0.01357636,0.25942662,0.27671595,0.50226244,0.29538404
P61081, 0.3696975, 0.1272388,-0.2850073,-0.3693818,-0.9449961,-0.9638366, 0.2286744
P61088,-0.1769321,-0.1802579,-0.4357806,-0.3689259,-0.6277830,-0.1578970,-0.1095423
P61106,-0.29839769, 0.02232348, 0.39384352,-0.24757961,-0.16880631, 0.32015414,-0.08077571
P61158,-0.136417191,-0.112444943, 0.002742763, 0.171842717, 0.235580600, 0.261806462,-0.059168253
P61160, 0.4486663, 0.5182281, 0.2446046,-0.5691082, 0.1569052,-0.8600118, 0.5028781
P61163,-0.1210425, 0.2231429,-0.5712306,-1.1429064, 0.2335620,-1.5193786, 0.1382968
P61221, 0.73390907, 0.36696096, 0.22011964,-0.25052015, 0.07104715,-0.25928181, 0.40399072
P61247, 0.307821334, 0.378789890, 0.159154594,-0.183883329, 0.009805533,-0.085402076, 0.639491888
P61254, 0.09304286,-1.29410782,-0.54098251,-0.57944080,-0.27708250,-0.22844744,-0.38274092
P61313,-0.09426584,-0.07597163,-0.22815216, 0.03955733,-0.10303010,-0.05584328,-0.07438625
P61313,-0.02065541,-0.37828715,-0.63315142,-0.35484962,-0.28323745,-0.30798633, 0.53590085
P61353,0.34712353,0.36522534,0.11455983,0.33230678,0.88469613,0.25054255,0.09847076
P61586,-0.24119446,-0.28784964,-0.64024035,-0.33533851,-0.28944724,-0.09311491,-0.29863967
P61604, 0.5784568, 0.4335603,-0.1470279, 0.5002144,-0.4112383, 0.7348873, 0.5360038
P61769,0.15388024,0.09028788,0.09814060,0.23907172,0.31946741,0.17974467,0.14872434
P61927,-0.20039296,-0.05819917, 0.02858047, 0.13936634,-0.07051172, 0.03915355,-0.03037965
P61956,-0.7603805,-1.2053592,-1.3740846,-2.0487216,-1.1204122,-1.2454200,-2.1595461
P61978,0.4584958,0.2677593,0.5205377,0.1262289,0.5360682,0.1891896,0.2700163
P61981,-0.12007107, 0.57746903,-0.03383712, 0.27878712,-0.05989940, 0.36247705, 0.10967692
P62081,0.7409843,0.5894302,0.2279995,0.0444678,0.6143275,0.6257822,0.5999509
P62191, 0.33981435, 0.29892103,-0.29245963,-0.07201618, 0.28885428,-0.06617374, 0.33931417
P62191,-0.50713188, 0.05884950, 0.30834461,-0.56956328, 0.24197698,-0.66292272, 0.03307879
P62241,-0.1995058,-0.4963604,-0.3427365,-0.1654148,-0.1512903,-0.4967515, 0.1073829
P62244,1.0720756,0.2564361,1.0461408,0.3251975,0.4489258,0.2140969,0.4399113
P62249, 0.73324767,-0.26663881,-0.21302610, 0.96583022,-1.19890589,-0.17400458,-0.06699602
P62258,-0.7424282,-1.0106435,-1.0378445,-1.7780701,-1.8481148,-1.1795479,-0.8364975
P62263, 0.3738239, 0.2422409,-0.6603632, 0.1154461, 0.4055001, 0.1961876, 0.3168161
P62266, 0.17233670, 0.19545782, 0.16440203, 0.03197637, 0.29681359,-0.15733413, 0.17576145
P62269,-0.78265948,-0.38501023,-0.41676601,-0.08241161, 0.73923887,-0.61137243,-0.78018111
P62277, 0.21922771, 0.04471304,-0.64486981, 0.39274891,-0.30391643,-0.86753313,-0.08332428
P62280, 0.251126089,-0.276045580, 0.000553592, 0.015091298,-0.532521341,-0.148662880, 0.018450541
P62314, 0.4230901, 0.3620073,-0.3458973,-0.3932627,-0.1853408,-0.3363951, 0.5228296
P62316, 0.1288571,-0.3275482, 0.4856962, 0.1223838, 0.2885437, 0.1852639,-0.4009868
P62318, 0.7288520, 0.2351431, 0.3717330, 0.1294039, 0.8746821, 0.1410265,-1.0955271
P62424, 0.20778709, 0.16169849, 0.13881477, 0.36960270, 0.28828124,-0.07916968,-0.13261267
P62701,-0.05404448,-0.38277140, 0.02490141, 0.17239945, 0.09650652,-0.05041516,-0.03395546
P62750,0.47481176,0.63056619,0.13926848,0.08359144,0.38090517,0.52524465,0.59553687
P62753, 0.21006971,-0.09381338, 0.36271386, 0.07313109, 0.02504514, 0.26700365, 0.04306866
P62805,-1.1474110,-0.9243074, 0.1233169, 1.7346439, 0.4207831, 0.5314673, 0.9871930
P62820,-0.50242814,-0.47097603, 0.07205096, 0.43035741,-0.33890733,-0.39191095,-0.90462341
P62826,-1.0120117,-1.5346145,-1.1536750,-0.7779102,-3.2860293,-2.1312050,-1.8269470
P62829, 0.79871337, 0.35318056, 0.04024909,-0.18531934, 0.45851801, 0.43552582, 0.16653638
P62847, 0.26527399, 0.10421846,-0.40911418,-0.31872852, 0.14007295,-0.05815406,-0.03989236
P62851, 0.40892199, 0.55455778, 0.66077901,-0.11537419, 0.84079689,-0.42802487, 0.03433547
P62857, 0.3335921, 0.3980785,-0.1250388, 0.3447650, 0.4922044, 0.2938038, 0.2090192
P62861, 0.81828890, 0.23007404, 0.40656269,-0.21108026, 0.06121089, 0.26562178, 0.35265510
P62888, 0.7230251,-1.5653133,-1.9224000,-0.4052712,-1.1965045, 1.3876951, 1.3761842
P62899, 0.12015012, 0.07933792,-0.19326274,-0.02306860,-0.10528485,-0.38234078, 0.08803141
P62899,0.27121967,0.12912830,0.14385451,0.13160639,0.08407978,0.40497135,0.15404016
P62906,-0.08407111,-0.91285464,-1.82194656, 1.04709140,-1.11500952,-1.22859342, 0.36743564
P62910,-0.7485321,-1.8724886,-1.1728166,-0.8602519,-1.1730050,-0.4279027,-0.4329933
P62913, 0.43894224, 0.41720056, 0.27273895,-0.05351415, 0.53429233, 0.59758427,-0.10392086
P62917,-0.07392851,-0.56518577,-0.05387516, 0.15845604, 0.18684494, 0.24582391, 0.29332324
P62937,-1.3218879,-1.6184042,-0.2185003,-1.6619391,-1.9006091,-1.3577579,-1.9105992
P62942,-1.02150669,-1.14704636,-0.36047924,-2.05626837,-0.41285162, 0.07934394,-1.53355004
P62995, 0.74438005,-0.54114731, 0.08443379,-0.01024911,-0.17646336, 0.32373806,-0.29006875
P63104,-1.9394561,-1.4315915,-1.8467731,-1.9935062,-1.4479241,-0.9943012,-0.8693378
P63173,-0.14176082, 0.08877599, 0.84395188, 0.15348445, 0.85017450, 0.77462496,-0.38809490
P63220,-0.03151743,-0.16408809,-0.50324424,-0.41356288,-0.28884569,-0.23013554,-0.19013679
P63241,-1.24031540, 0.02904267,-0.19334126,-1.15801061,-0.22913586,-0.73562919,-0.86024649
P63244,-0.51404147,-0.46191489,-0.34174568,-0.37860264,-0.99536388,-0.09699453,-0.31240912
P67809,-1.48760741, 0.85104494,-1.29271619, 0.09277612,-0.13162963,-1.03333444, 0.31258783
P67936, 0.263107044,-0.027881987,-0.878934648,-0.153137315,-1.434869677,-0.284141584,-0.004426428
P67936,-0.6621250,-0.6652859,-1.0872996, 0.7014938,-0.6668477,-0.3443300,-0.7449873
P68036, 0.09962501,-0.04676268,-0.45657650,-0.93968902,-0.88222511,-1.15011457,-0.08889497
P68366,-0.21124886,-0.80170997,-0.09788323,-0.70578166,-0.72010798,-0.65869759, 0.29828609
P68371,-0.27566694,-0.55280293,-0.03996402,-0.02173953,-0.42903372,-0.34804004,-0.19549334
P68400, 0.01754904,-0.05807281, 0.03277077,-0.10531491, 0.19200393,-0.05449058,-0.07085621
P78371,-0.99659477,-0.57967445,-0.31495756,-0.33312641,-0.06012078,-0.43099869, 0.12239637
P78417,-0.2983075,-0.5247571,-0.8276166,-1.0663277,-0.2487823,-0.4576887,-0.3361111
P78527, 0.23660211, 0.02231711, 0.39821956,-0.12019130,-0.19169955,-0.59559188,-0.12682981
P82979,-0.15752084, 0.06965377, 0.17629345, 0.23267216, 0.17384828, 0.09503421, 0.21979890
P83731,-0.9889778,-1.5496738,-0.7945397, 0.2173642,-0.7435693,-0.2288042,-0.1558535
P83881, 0.22313700, 0.20420868, 0.07273649,-0.21545960, 0.29475800,-0.17837104, 0.41838788
P83881,-0.000699348, 0.217480205, 0.026394770,-0.648917764,-0.005637514,-0.184748716,-0.308270125
P84090, 0.31139233, 0.46428826,-0.60226032, 0.02765996,-1.00711815, 0.12060035, 0.27082052
P84098,-1.29298863,-1.17299388, 0.05792719,-0.35257035,-1.18759850,-0.03507249,-0.85946481
P84103, 1.3955229,-0.1265443,-0.6209164, 0.4393075, 0.8141703, 0.1658274, 0.7504951
P84103,0.7336606,0.2594675,0.1273301,0.6432370,0.7312444,0.3822678,0.5752908
P99999,-0.53132424, 0.23169156, 0.03430702, 0.23419793,-0.52434907,-0.07622139,-0.92467074
Q00059, 1.0088309, 0.8673388,-0.8189257, 0.6666410,-0.4995939,-0.5862402, 0.9830014
Q00059, 0.22624398, 0.09291485, 0.07312286, 0.36489358, 0.13617835,-0.04756103, 0.20791264
Q00325,-0.7828245,-0.8250615,-0.3725311, 0.8228057,-0.2938854,-0.1123184,-1.2172197
Q00610, 0.27719247, 0.47117420, 0.09360499,-0.36010370, 0.30458286,-0.02328598,-0.24228477
Q00688, 0.1867309,-0.1236463, 0.8852421, 0.2420717, 0.3885475, 0.7903306,-0.1592157
Q00839, 0.2209069, 0.1291524, 0.2364547, 0.3556201, 0.2247901, 0.3531369,-0.1588596
Q01105, 0.1574316,-0.9189109, 0.3409990,-0.5243183,-0.5990637,-0.2515061,-0.3004742
Q01130,0.8843632,0.5446809,0.2476231,0.1379648,0.8669008,0.1972149,0.4969379
Q01469, 1.7640348, 1.8994358,-1.5432929,-1.7009080, 0.2464944,-3.1804775, 1.8804504
Q01518, 0.4125441, 0.5903495, 0.3802825,-0.0988958, 0.9177970, 0.3815845, 0.4299392
Q01844,0.7898500,0.8085317,0.3209579,0.4253470,0.5505438,0.5759665,0.6647534
Q02543,-1.2989748,-1.1067573,-1.9668663,-0.3869531,-1.0709028,-0.8676578,-0.2223805
Q02790,-0.11811280, 0.14786603,-0.17381405,-0.19057136,-0.02651748, 0.03934657, 0.01163296
Q02878,-0.48532352,-0.33873528,-0.32928799, 0.58265018,-0.31451473, 0.04876651,-0.39006789
Q03252,-0.04747396,-0.51756269, 0.13009325, 0.61889069,-0.13880249,-0.03968791,-1.15392779
Q04637, 0.17696814, 0.22381821, 0.17055734,-0.05825377, 0.48461421, 0.03446619, 0.20796851
Q04637, 0.7954523, 0.7445524, 0.3016183,-0.1949676, 0.8598438,-0.3486438, 0.4141104
Q04760,2.0674687,1.5219755,0.6197309,1.5482805,1.0864804,1.6060841,2.1407945
Q04837, 0.50670302,-0.09718905,-0.83715216,-0.33282500,-1.03614124, 0.22261434,-0.24014110
Q04917,-0.1341163,-0.7820191, 0.2008189, 0.2628459,-0.5090526,-0.1299204,-0.6794560
Q04941,0.1345789,0.6646443,0.3003278,0.7720092,0.4949582,0.4271800,0.3192972
Q06323,-0.4422628,-1.1685207,-0.9282829,-0.4902801,-0.4280486,-0.9127874,-0.4354598
Q06830,-0.7458016,-0.9397294,-2.8061261,-3.6259756,-2.4452205,-2.4456393,-0.8072082
Q06830,-1.7715406,-0.2629120,-0.2250749,-4.9581232,-1.9804823,-1.8147666,-1.2400458
Q07020,-0.8121884,-0.4632105, 0.2324627, 0.7025329, 0.1331880,-0.1127922, 0.5445124
Q07065, 0.7412583,-0.5489566, 1.1165995, 0.6256137, 0.1966435, 0.3566689,-1.1996350
Q07666,-0.164377315,-0.036860500, 0.316749139, 0.187800626, 0.587972496, 0.405875866, 0.001529503
Q07955,0.3769453,0.5013728,0.3887914,0.4184515,0.5676052,0.4673579,0.6809215
Q08211,-0.71764390,-0.28205402, 0.03274814, 0.34062131,-0.82714723,-0.42055022, 0.43268395
Q08945, 0.23470674, 0.35155720, 0.13377228, 0.20686471,-0.05427398, 0.26716771, 0.35472040
Q09028,-0.5934054,-0.8420798,-0.8382616,-0.3447244,-0.3728581, 0.0350529, 0.6971156
Q09028, 1.15208896, 0.87363853, 0.18937020,-0.10043462,-0.03479035,-0.75115764, 0.98414964
Q09666,-0.36085426, 0.42407691, 0.15844336, 0.05042419, 0.64685789, 0.38593394,-0.20227713
Q12874,0.4133732,0.3827130,0.4345813,0.4109084,0.4976368,0.3434556,0.3839173
Q12905,-0.50316252,-0.07634118, 0.05355762, 0.13304390,-0.24981392,-0.57125748,-0.71529750
Q12906,-0.05476111,-0.62542788, 0.26667252, 0.01818665, 0.40235705,-0.12869164,-0.35597542
Q12931,-0.37978161,-0.41161690,-0.69533973,-1.55407848,-0.77750118,-0.04396606,-0.21020113
Q13148, 0.29939334, 0.11411489, 0.25902128,-0.10243861, 0.31920540,-0.02913233, 0.10964853
Q13148, 0.4622491, 0.3527642, 0.4321900,-0.4322326, 0.4170326, 0.7252699,-0.0929490
Q13151,-1.1141704, 0.4284156,-0.6141210, 1.0014922, 0.4209988,-0.0743821, 0.6314670
Q13185,-0.34877861, 0.07277748,-0.22283619, 1.01285373,-0.88672122,-0.48670095, 0.12596078
Q13242,0.6807144,0.5806976,0.1881151,0.2863410,0.3008138,0.3985633,0.5852027
Q13247,0.5530196,0.3616395,0.4613732,0.8662813,0.5184512,0.4835360,0.3500376
Q13263,-0.4931039,-0.1646979, 0.6101919,-0.2436781,-0.1354369,-0.5577486,-0.8876300
Q13283, 0.9500316, 0.6612492, 0.4435469,-0.2670023, 0.6910732,-0.2167855, 0.4760948
Q13347,0.7072922,0.4974500,0.6649784,0.3809281,0.1246879,0.7805511,0.5302784
Q13435,0.18459048,0.23592290,0.57579167,0.50951890,0.38768623,0.01898769,0.33927036
Q13442, 0.9479154, 0.4878774, 0.9460284,-0.1609736, 0.8652547, 0.8107169, 0.6952354
Q13451,1.2436329,1.4123758,0.6608047,0.3311261,0.8181156,0.3469926,1.1497223
Q13547,-0.22637855, 0.07909483, 0.05189384,-0.13024421, 0.07928813, 0.19051760,-0.45712630
Q13838,-0.6591689,-0.1940742, 0.9538018, 0.8994713,-0.7361609,-0.7393820,-0.7539487
Q14019,-0.5717930,-1.1237261,-0.4606383,-0.5455035,-0.2689953,-1.0692525,-1.1113726
Q14103,0.6160870,0.4505908,0.4245526,0.1835183,0.6358510,0.1549981,0.4773209
Q14103,-0.2705051, 0.6960461, 0.3755939, 0.4333616, 0.4584625, 0.4241883, 0.6769803
Q14152, 0.80219389, 0.61738761, 0.71709075,-0.03126346,-0.10357088, 0.31158431, 0.49963681
Q14204,-0.21447338,-0.34047168, 0.21239106,-0.11764567,-0.36137181, 0.09377369,-0.47269801
Q14258,-1.59883004,-1.65780604, 0.35648276, 0.01108588, 0.58327941,-0.01209285,-1.95958578
Q14444,0.5995882,0.4856266,0.6583516,0.0255220,0.8193355,0.3580781,0.4824376
Q14566, 0.27239936,-0.03764175, 0.38724729, 0.21904946, 0.09841335, 0.26713497, 0.49368209
Q14697, 0.93994778, 0.30083433,-0.33083082,-0.24355381,-0.35026429, 0.29824872,-0.02405552
Q14697,-0.7928643,-0.9978765,-0.2962631, 0.1285587,-0.8691656, 0.6655716,-1.0270967
Q14847,-0.2385747,-0.1551116, 0.7782885,-0.2172615, 0.2473077, 0.0958510,-1.0058717
Q14974,-0.2656712,-0.1172429, 0.1846890,-1.4013622,-0.3260250,-0.7090870,-0.6607323
Q14978,-0.3370236, 0.2534988, 0.4129044,-0.5138777, 0.1465816,-0.6904993, 0.7290178
Q15008, 0.1427863, 0.3721624,-0.7363939,-0.8434473, 0.2418053,-1.0763759, 0.2139275
Q15019,-0.5991769,-0.2136828, 0.2719775,-0.7634803,-0.3167350,-0.5886186,-0.8142636
Q15046, 0.3029961,-0.5366231,-0.4911391, 0.2262200,-0.4628386,-0.3135063, 0.2771666
Q15056, 0.3064169, 0.4798808, 0.2207742,-0.1734596, 0.2944406,-0.4403708, 0.5142104
Q15056, 0.09239782, 0.10925580,-0.33982436,-0.29760225,-0.27676887, 0.24816730, 0.27272409
Q15084,-0.4040835, 0.7636135,-0.2010694, 0.1477796,-0.9097221,-0.6181564,-0.1475217
Q15149,-0.7945708,-0.8228162, 0.2973290, 0.2762339,-0.1316843, 0.6000879,-0.8044598
Q15181, 0.07431350, 0.17639952,-1.31831451, 0.09185405,-1.72103331, 0.67359845, 0.22619787
Q15185, 0.14197681, 0.13051628,-0.43055884,-0.03642925,-0.57730890,-0.31758738, 0.11614737
Q15233,0.3014224,0.2856659,0.2147344,1.1025182,0.3787889,0.0744947,0.6507666
Q15233, 0.15317563, 0.10791918,-0.09485901,-0.29403476, 0.25272025,-0.21331202, 0.07404634
Q15233,-0.84322904,-0.36491414,-0.67167283, 1.18736833,-0.52288743,-0.06794767, 1.05721950
Q15287,0.6332310,0.4576004,0.4202630,0.2879160,0.4833185,0.4708167,0.2519117
Q15365, 0.33188021, 0.22104951, 0.00049634,-0.03926628, 0.04686900, 0.51813058, 0.29735435
Q15365,-0.9187528,-0.2330497,-0.6441147,-0.5484793,-0.4573146,-1.1669139,-0.1928646
Q15366, 0.08339022, 0.46025629, 0.29414816,-0.21812154,-0.60065584,-0.55711728, 0.13477764
Q15370,-0.4320438,-0.3440670,-0.2635351,-0.5111880,-0.2018880,-0.3411471,-0.4039053
Q15382, 0.94619638, 0.58445666,-0.16741796,-0.87948519, 0.09115294,-1.02003464, 0.54216869
Q15393, 0.15350342,-0.36514440,-0.73009281, 0.19850107, 0.11069261,-0.25863410, 0.08910346
Q15424,-0.005908472,-0.226936047,-1.353561761,-0.443256371, 0.015918296, 0.549726904,-0.139243815
Q15459,-0.40169594, 0.40507389, 0.83752232,-0.20855586, 0.90384275,-0.03629901, 0.66943635
Q15631, 0.74658168, 0.70932314, 0.03762716, 0.31601991, 0.43547827,-0.04184530, 0.73046801
Q15691,-0.10456194,-0.01239452, 0.05244795, 0.16992255,-0.02768396,-0.86827081, 0.41885166
Q15717, 0.35263147, 0.15247149,-0.09069201, 0.33166931, 0.45321400, 0.31504158, 0.46067237
Q15758,0.39653463,0.35935923,0.07035879,0.55269953,0.38690038,0.02137345,0.58379468
Q15907,0.8925428,0.6652168,0.6380158,0.2851175,0.6915816,0.5079721,0.5023265
Q16186, 0.31368807, 0.09018046, 0.44521822,-0.13726875,-0.87741567,-0.22282145, 0.11970962
Q16543,-0.26069563,-0.45607235,-0.20002750,-0.14388861,-0.03387515,-0.03189173,-0.48398073
Q16555, 0.2082538,-0.1937835, 0.4586393, 0.3328185, 0.2904091,-0.1581608,-0.4164850
Q16629, 0.99223497,-0.85787174,-0.34029337, 1.02797470,-0.41380556,-0.08727202, 0.67435734
Q16822,-0.30167546,-0.42219185, 0.13621017, 0.66367956, 0.43642580, 0.85802886, 0.09190711
Q16851,-0.27807960,-0.31168892,-0.61274049, 0.01260078,-0.37044325,-0.51753166,-0.08013707
Q16878, 0.56911466, 0.45607471,-0.30573650,-0.07887429,-1.01813983,-0.54795183, 0.36550289
Q16891, 0.022226025,-0.656708588, 0.126533455,-0.866449974,-0.001265424,-0.175238573,-0.984646177
Q6IBS0,0.7442062,0.1479937,0.4556165,0.2942638,0.7350292,0.3459713,0.2184927
Q6P2Q9, 0.70830786,-0.32293084, 0.08737719,-1.70892751, 0.21276139,-1.59776781,-0.51849035
Q7KZF4,-0.27158851, 0.09910982,-0.90484769,-0.39653854,-0.28024635, 0.23996940, 0.63013847
Q7L1Q6, 0.57808622, 0.33245849,-0.11320563, 0.08109183, 0.03295052, 0.24930095, 0.40681508
Q86V81,0.78550381,0.65663322,0.53157022,0.04825755,0.58080701,0.24344307,0.75859622
Q86VP6,-0.56961343,-0.50472021, 0.01873525,-0.23775546,-0.51998923, 0.37967943,-0.56804655
Q86VP6,0.338309764,0.334958672,0.062862625,0.051535093,0.207553364,0.007912946,0.312480328
Q8NBS9, 0.6806798, 0.6516815,-0.3516118,-0.2178865,-0.2885563,-0.4529896, 0.4884095
Q8NC51, 0.8422950, 0.7024331, 0.7026782,-0.2717504, 0.7926174, 0.7061336, 0.6906442
Q8WUM4,0.06039669,0.43256077,0.14685271,0.40851458,0.79715736,0.61867918,0.42632681
Q92499, 0.28788468, 0.22945800, 0.21725496, 0.18601686, 0.34629265,-0.05598692, 0.25265675
Q92499, 0.24995654, 0.39916315,-0.09533436,-0.20309085, 0.10869817, 0.05250301, 0.29287006
Q92522,0.1561016,0.3428159,0.2285744,0.1929496,0.3135772,0.1925942,0.3474454
Q92616,-0.001310429,-0.108888031, 0.310805156, 0.117782530, 0.538017087,-0.014194736,-0.112878896
Q92945,0.7420770,0.4433560,0.5041980,0.3999352,0.7253640,0.3329347,0.5321088
Q92945,0.44205172,0.21147337,0.05866848,0.33183827,0.47339841,0.04125321,0.39215849
Q92945,0.34843242,0.13105051,0.43214615,0.10429216,0.36558922,0.09940618,0.14811333
Q92994,-0.8372841,-0.6509119,-1.3313089, 0.4649538,-1.6102713,-0.5145462,-1.2129866
Q969H8,0.7583130,0.7847477,0.7575467,0.9100409,0.8206022,0.6149710,0.7324836
Q96AE4, 0.97735899, 0.99462734, 0.06688374,-1.53697984, 0.94713535, 0.71241632, 0.44800045
Q96AG4, 0.378414217,-0.106828893, 0.436190574, 0.423531110, 0.402888186, 0.064752040,-0.004640484
Q96SB4, 0.63875895, 0.57172241,-0.21407533, 0.82246629,-0.08034671,-0.21099585, 0.85624742
Q99436, 0.57972614, 0.71657861,-0.49515569,-0.13544699,-0.05420181,-1.11729386, 0.77347338
Q99497,-0.20367577,-0.52169637,-0.01499245,-1.07820399,-0.76119407,-1.06742754,-1.23190073
Q99536, 0.5739892, 0.4676387, 0.5353579,-0.1745020, 0.5514477, 0.1196720, 0.4123083
Q99623,1.64567209,1.04680660,0.17341117,0.01913388,1.08266110,0.90208880,1.04431951
Q99714,-0.08638372,-0.08902052,-0.50331589, 1.16888222, 0.36137468, 0.31771513, 0.88821339
Q99832, 0.60159954, 0.10350308,-0.59865327,-0.21674155,-1.88534773,-0.66761410, 0.05922495
Q99873, 0.52306363, 0.23165212,-1.03783636,-0.88026368,-0.05883027,-0.40327076, 0.05305250
Q99880,-0.54388432, 0.36088994,-1.18045000,-0.12920346,-1.34691966,-0.04489252, 0.36515521
Q9BPU6,-0.5051362,-0.5047747, 0.7852590, 1.8517784, 1.1004197, 0.3804845, 0.7631965
Q9BTT0,0.8186343,0.8719062,0.3275089,1.0354786,0.9077607,0.7871252,1.1636830
Q9BVC6, 0.1567614,-0.7236270,-0.5306277,-0.4069710,-0.6766023,-0.6866382,-0.8561697
Q9BXP5, 0.6946369, 0.4418607,-0.1052352, 0.3505225, 0.3105488,-0.8627296, 0.3567882
Q9BZZ5,0.3782009,0.2289964,0.5598150,0.1823054,0.5923865,0.2926481,0.2152428
Q9BZZ5,0.76857970,0.98270896,0.69048858,0.05220782,0.69502047,0.48622667,0.38821367
Q9GZT3, 0.2708664, 0.2648267,-0.7095904,-0.4608024, 0.3349191, 0.0977391, 0.3013551
Q9H1E3, 0.48056495,-0.22899479, 0.60574561, 0.08126540, 0.36029350, 0.43190398,-0.09241316
Q9H299,-1.28989837,-0.52039714,-1.11387756,-0.04345993,-1.41012945,-1.60680771, 0.22462659
Q9H3K6, 0.2980781, 0.2655352,-1.7360047,-1.2430489,-0.4561487,-1.5017804, 0.2722487
Q9H3K6,-0.2065209, 0.1168313,-0.9297992, 0.3113829,-0.7644445,-1.3811722,-0.7154586
Q9H4A4,0.4798050,0.4912753,0.5588451,0.2966347,0.8617520,0.4835524,0.4709449
Q9HB71, 0.10169624, 0.43126725, 0.20857839,-0.01701362, 0.02131321,-0.32394257, 0.21130712
Q9NQC3,-0.3366621,-0.2805201, 0.2998111, 0.3147948, 0.2387880, 0.2213291,-0.5788692
Q9NR30, 0.434508615, 0.655229582,-0.007950358,-0.185999997, 0.062550531,-0.368446462, 0.700623472
Q9NR30, 0.1494152,-0.1676449,-0.1740782, 0.9670547, 0.3291747,-0.1121596, 0.7297859
Q9NR31, 0.04430016,-0.15328248,-1.05154364,-0.44414438,-1.25225243,-0.54729607,-0.43528154
Q9NSD9, 0.35749456, 0.04003365, 0.21692642, 0.09618087,-0.27030409, 0.23015093, 0.10451792
Q9NSD9,0.7544426,2.4015717,2.3652048,1.0571551,2.4282603,2.1795881,1.1310419
Q9NTK5, 0.59213242, 0.47323299, 0.24540927,-0.23094200, 0.47896936, 0.28819145,-0.02271243
Q9NTK5, 0.22370274, 0.52163025, 0.55288539, 0.05128719, 0.55742599,-0.16972743, 0.52725013
Q9NX63, 0.5457658, 1.4583469, 0.4536960, 0.5059087, 0.6876004, 0.6852455,-0.4979194
Q9P0L0, 0.3827296, 0.8056577,-0.2602718, 0.3214297, 0.3607003,-0.4881339, 0.8242320
Q9P0L0, 0.38052119,-0.05842665, 0.36001750, 0.53424294, 0.40318200, 0.19774982, 0.42484866
Q9P258, 1.083863962, 0.796052233, 0.201251556, 0.270563416, 0.157813937, 0.456946598,-0.002638851
Q9P2E9,0.20377093,0.47122262,0.02315216,0.60898027,0.05343035,0.09569838,0.14194644
Q9UBQ5, 0.47757066, 0.30941237,-0.04846018,-0.14481824, 0.26894514,-0.28228127, 0.31961260
Q9UBT2, 0.1204160,-0.1722100,-0.3379278,-0.1535122,-0.4131295,-0.3968219,-0.1835962
Q9UHB6,-0.3951798,-0.2687328, 0.7412330, 0.3451907, 0.9943545, 0.7153933,-0.3002351
Q9UII2,-0.02502637,-0.22695716, 0.12400583, 0.76447714, 0.50421132, 1.05880353,-0.19685785
Q9UKY7, 0.17646315, 0.17402111,-0.03456024,-0.23332874, 0.02849525,-0.31978166, 0.17496396
Q9UKY7,-0.8384869,-0.6998884,-0.9146429,-0.7607007,-0.2698969,-1.2829157,-0.7034815
Q9UMS4, 0.28027630, 0.22475156,-0.34358597, 1.01018565,-0.35790813,-0.03957051, 0.38653837
Q9UNL2,0.2615493,0.4825736,0.4178033,0.6983740,0.2264532,0.4413981,0.2357199
Q9UQ35,0.6356981,0.5256839,0.4308647,0.3349142,0.6196058,0.3660753,0.6910255
Q9UQ80,-0.4016582,-1.0398041,-1.0454696,-1.0130276,-1.2398519,-1.1481815,-1.5434876
Q9Y224,-0.38949902, 0.21850774,-0.07310768,-0.15329808, 0.43385576, 0.07791319,-0.06829858
Q9Y230, 0.21271275, 0.09813702, 0.57220615, 0.24154685,-0.55284328, 0.20361061, 0.71480471
Q9Y262,0.1323712,0.1543078,1.0316654,0.3609071,0.4194341,0.2939606,0.4066428
Q9Y265, 0.451562424,-0.001224146, 0.284461114,-0.310733863, 0.544998501,-0.292755096,-0.607032787
Q9Y266, 0.5645494, 0.4699798, 0.1613093,-0.7573776,-0.9643512, 0.5419909, 1.0630585
Q9Y275,-1.69450498,-0.90182136, 0.56550943,-0.08751968,-1.53424872, 0.22694798,-0.96056091
Q9Y2Q3,-0.20970977,-0.24733752, 0.02556899,-0.29374120,-0.21148302, 0.07571357,-0.43811837
Q9Y2W1,0.39208142,0.53493439,0.31706257,0.46490902,0.40998616,0.06701133,0.42625251
Q9Y2X3,-0.46620903,-0.56637852, 0.12895188, 0.33230402,-0.47826366, 0.03621538, 0.10240630
Q9Y383,0.4063779,0.2599297,0.4259339,0.1007630,0.6185828,0.1698537,0.2648936
Q9Y3F4,0.7798847,0.6531256,0.4190387,0.5217298,1.1591350,0.3634941,0.5568070
Q9Y490, 0.24773006,-0.30029676, 0.19610670,-0.44892279, 0.22332913,-0.02812555, 0.14353605
Q9Y4G6,-0.36574054,-0.35529514,-0.14487928, 0.09070579,-0.09759601,-0.39582279, 0.16275314
Q9Y4L1, 0.13896119,-0.23045745, 0.87191828, 0.41653282, 0.08412034, 0.38758578,-0.46321928
Q9Y5B9,-0.59987621, 0.10636969, 0.42591986, 0.37530803, 0.45404772, 0.03773439, 0.29624059
Q9Y5S9,0.90099930,0.64082789,0.20774315,0.08858518,0.39039243,0.15537761,0.69506431
Q9Y617,-0.50454424,-0.71412073,-0.08905861, 0.26063752,-0.02600313,-0.12177875,-0.53037367
